{
    "loss": 2.226685047149658,
    "accuracy": 0.7769784331321716
}