{
    "loss": 2.2289018630981445,
    "accuracy": 0.7769784331321716
}